{
    "Addon": {
        "EnchantSetting": {
            "amplifier": 1
        },
        "PackResourceSortData": {
            "1024_celestia:azalea_feature": {
                "createTime": 1755802105.9733512,
                "modifyTime": 1755802105.9733512
            },
            "1024_celestia:big_dripleaf_feature": {
                "createTime": 1755802105.9743512,
                "modifyTime": 1755802105.9743512
            },
            "1024_celestia:cave_caver_feature": {
                "createTime": 1755802105.9733512,
                "modifyTime": 1755802105.9733512
            },
            "1024_celestia:cave_vines_feature": {
                "createTime": 1755802105.9733512,
                "modifyTime": 1755802105.9733512
            },
            "1024_celestia:cherry_sapling_feature": {
                "createTime": 1755802105.9733512,
                "modifyTime": 1755802105.9733512
            },
            "1024_celestia:cloud_feature": {
                "createTime": 1755802105.9733512,
                "modifyTime": 1755802105.9733512
            },
            "1024_celestia:coarse_dirt_feature": {
                "createTime": 1755802105.972351,
                "modifyTime": 1755802105.972351
            },
            "1024_celestia:copper_ore_feature": {
                "createTime": 1755802105.9733512,
                "modifyTime": 1755802105.9733512
            },
            "1024_celestia:cottage0_feature": {
                "createTime": 1755802105.9743512,
                "modifyTime": 1755802105.9743512
            },
            "1024_celestia:diamond_ore_feature": {
                "createTime": 1755802105.972351,
                "modifyTime": 1755802105.972351
            },
            "1024_celestia:emerald_ore_feature": {
                "createTime": 1755802105.9733512,
                "modifyTime": 1755802105.9733512
            },
            "1024_celestia:fallen_rotting_trunk_feature0": {
                "createTime": 1755802105.972351,
                "modifyTime": 1755802105.972351
            },
            "1024_celestia:flowering_azalea_feature": {
                "createTime": 1755802105.9733512,
                "modifyTime": 1755802105.9733512
            },
            "1024_celestia:gold_ore_feature": {
                "createTime": 1755802105.9743512,
                "modifyTime": 1755802105.9743512
            },
            "1024_celestia:grass_block_feature": {
                "createTime": 1755802105.9733512,
                "modifyTime": 1755802105.9733512
            },
            "1024_celestia:lapis_ore_feature": {
                "createTime": 1755802105.9733512,
                "modifyTime": 1755802105.9733512
            },
            "1024_celestia:large_lake_feature": {
                "createTime": 1755802105.9733512,
                "modifyTime": 1755802105.9733512
            },
            "1024_celestia:large_tree_feature0": {
                "createTime": 1755802105.9733512,
                "modifyTime": 1755802105.9733512
            },
            "1024_celestia:large_tree_feature1": {
                "createTime": 1755802105.9743512,
                "modifyTime": 1755802105.9743512
            },
            "1024_celestia:large_tree_feature2": {
                "createTime": 1755802105.9733512,
                "modifyTime": 1755802105.9733512
            },
            "1024_celestia:large_tree_feature3": {
                "createTime": 1755802105.9733512,
                "modifyTime": 1755802105.9733512
            },
            "1024_celestia:main_terrain_feature": {
                "createTime": 1755802105.9743512,
                "modifyTime": 1755802105.9743512
            },
            "1024_celestia:medium_tree_feature0": {
                "createTime": 1755802105.9733512,
                "modifyTime": 1755802105.9733512
            },
            "1024_celestia:medium_tree_feature1": {
                "createTime": 1755802105.972351,
                "modifyTime": 1755802105.972351
            },
            "1024_celestia:medium_tree_feature2": {
                "createTime": 1755802105.9743512,
                "modifyTime": 1755802105.9743512
            },
            "1024_celestia:medium_tree_feature3": {
                "createTime": 1755802105.9733512,
                "modifyTime": 1755802105.9733512
            },
            "1024_celestia:medium_tree_feature4": {
                "createTime": 1755802105.9733512,
                "modifyTime": 1755802105.9733512
            },
            "1024_celestia:melon_bush_feature0": {
                "createTime": 1755802105.972351,
                "modifyTime": 1755802105.972351
            },
            "1024_celestia:melon_bush_feature1": {
                "createTime": 1755802105.9733512,
                "modifyTime": 1755802105.9733512
            },
            "1024_celestia:melon_bush_feature2": {
                "createTime": 1755802105.9733512,
                "modifyTime": 1755802105.9733512
            },
            "1024_celestia:melon_bush_feature3": {
                "createTime": 1755802105.9733512,
                "modifyTime": 1755802105.9733512
            },
            "1024_celestia:melon_bush_feature4": {
                "createTime": 1755802105.972351,
                "modifyTime": 1755802105.972351
            },
            "1024_celestia:moss_block_feature": {
                "createTime": 1755802105.9733512,
                "modifyTime": 1755802105.9733512
            },
            "1024_celestia:moss_carpet_feature": {
                "createTime": 1755802105.9733512,
                "modifyTime": 1755802105.9733512
            },
            "1024_celestia:mycelium_feature": {
                "createTime": 1755802105.972351,
                "modifyTime": 1755802105.972351
            },
            "1024_celestia:overworld_flat_air_feature": {
                "createTime": 1755802105.972351,
                "modifyTime": 1755802105.972351
            },
            "1024_celestia:pink_petals_feature": {
                "createTime": 1755802105.9733512,
                "modifyTime": 1755802105.9733512
            },
            "1024_celestia:podzol_feature": {
                "createTime": 1755802105.9743512,
                "modifyTime": 1755802105.9743512
            },
            "1024_celestia:redstone_ore_feature": {
                "createTime": 1755802105.9733512,
                "modifyTime": 1755802105.9733512
            },
            "1024_celestia:sand_feature": {
                "createTime": 1755802105.9743512,
                "modifyTime": 1755802105.9743512
            },
            "1024_celestia:sandstone_feature": {
                "createTime": 1755802105.9743512,
                "modifyTime": 1755802105.9743512
            },
            "1024_celestia:sapling_feature0": {
                "createTime": 1755802105.9733512,
                "modifyTime": 1755802105.9733512
            },
            "1024_celestia:sapling_feature1": {
                "createTime": 1755802105.9743512,
                "modifyTime": 1755802105.9743512
            },
            "1024_celestia:sapling_feature2": {
                "createTime": 1755802105.9733512,
                "modifyTime": 1755802105.9733512
            },
            "1024_celestia:sapling_feature3": {
                "createTime": 1755802105.9743512,
                "modifyTime": 1755802105.9743512
            },
            "1024_celestia:skyware_fortress0_feature": {
                "createTime": 1755802105.972351,
                "modifyTime": 1755802105.972351
            },
            "1024_celestia:small_tree_feature0": {
                "createTime": 1755802105.972351,
                "modifyTime": 1755802105.972351
            },
            "1024_celestia:small_tree_feature1": {
                "createTime": 1755802105.972351,
                "modifyTime": 1755802105.972351
            },